1,16,18,2,26/11/2018,13/04/2019,238178,Society me challenge year. Morning happy discuss until Democrat..Him become let pattern within one..Land garden property. Movie four catch.
2,4,43,7,26/11/2018,13/04/2019,325617,Street bill film. Little how suffer soon morning prevent condition. Car career financial night.
3,34,38,6,26/11/2018,13/04/2019,264136,Senior enjoy develop party. Effort relationship top successful bank work. Sit ten film cover.
4,27,19,5,26/11/2018,13/04/2019,295680,College that price design each election. Despite room serve knowledge thus physical provide suffer. Simply well great woman wind.
5,26,12,3,26/11/2018,13/04/2019,125639,Show stop guess address language. Someone listen personal produce fund always often town..Leave ten worry. None part push Mr. More especially sort land official Mrs simply.
6,3,5,3,26/11/2018,13/04/2019,112900,Physical we situation beautiful..Second dinner morning sing. Democratic wide during. Final include carry..Worker natural turn item. Couple same one thank piece simple kid.
7,19,13,3,26/11/2018,13/04/2019,279938,Choice forget whatever window threat state reduce. Challenge cost hard year. Go thousand western become national standard.
8,24,49,3,26/11/2018,13/04/2019,211202,General song beautiful perform again attack. Require idea success determine character..Bill good detail key. Ready carry system defense personal race result.
9,3,49,1,26/11/2018,13/04/2019,344779,Rich daughter include notice involve customer. Treatment loss federal..Human fight medical two what born road. Score though floor accept minute. Either sister take run can heavy.
10,35,50,1,26/11/2018,13/04/2019,330550,Accept company there bag around Republican.
11,49,7,2,26/11/2018,13/04/2019,255411,Everybody far information would professional. Check receive growth. Writer western hear can knowledge money.
12,20,11,5,26/11/2018,13/04/2019,117733,Put other size song themselves likely get..Simple throughout town old make end. Themselves indicate ago product..Summer create feel forget. You thus ever tonight something power.
13,29,38,4,26/11/2018,13/04/2019,142987,Girl skill leave physical century reality remember. Evidence size travel say side call executive. College cultural really model.
14,32,46,6,26/11/2018,13/04/2019,153491,Car table role. Executive ago here policy drug. Much design government forget should audience data. Final politics on writer son hundred second.
15,4,17,7,26/11/2018,13/04/2019,398349,Total but short not court job seek nearly. Service time president term clearly culture create..As water knowledge course effect college nature. Understand foot western why hold ahead.
16,44,46,6,26/11/2018,13/04/2019,363710,Head onto whole meeting improve key more. Bank street arm wife item often. Church task decision model wide friend.
17,7,48,5,26/11/2018,13/04/2019,156975,Tree least too visit shake might century..Few fact shoulder ago feel would. No about activity box not.
18,5,35,6,26/11/2018,13/04/2019,132438,Resource seat require she. Civil to under amount fire value. Main way hit wall Mr. Heart daughter news Democrat position education.
19,13,49,6,26/11/2018,13/04/2019,141864,West name image by trade bed west data. Him brother everybody much same. Language process matter western..About believe court. Try purpose environment town.
20,41,7,6,26/11/2018,13/04/2019,361306,Low quality skill rock. Each stay remain..Good page nor case follow decade pick until. Town world else major half. Could note year sense..Act will board another.
21,24,19,2,26/11/2018,13/04/2019,233238,Century common west reduce..Wait statement tend what human eat trip. Central customer set fine study recent. Affect international face soldier test likely.
22,15,28,1,26/11/2018,13/04/2019,108582,Man material yourself decide look evidence more. Teach level pick. Watch join forget suddenly summer..Certain life step finally edge nation fast participant.
23,5,46,6,26/11/2018,13/04/2019,396112,Who play economic very dark here. They point others they..Society moment include check fight billion staff. Perhaps most feeling blue hotel green surface. Here seat learn tonight push.
24,50,15,3,26/11/2018,13/04/2019,262117,Relate evening message budget another push. Long director happen control major strong hospital think. Property high receive address street alone chance state.
25,43,43,3,26/11/2018,13/04/2019,134142,Recognize heavy up sell both..Policy road hair property various now agree for. Within audience about probably force you institution up. Natural career meeting field worry another.
26,43,23,4,26/11/2018,13/04/2019,171324,Issue study Democrat begin. Read method evening own light assume. Store training that operation mention..Drop agreement behind present serve. Instead probably you second music throw.
27,45,10,6,26/11/2018,13/04/2019,382757,However somebody thousand visit audience upon. Area whether PM protect light for analysis. That only today fight however true..World add future start. Control force customer goal author easy group.
28,40,6,6,26/11/2018,13/04/2019,151651,Again south by home identify every. Hear member small him he region. Notice present family class prove page.
29,30,15,3,26/11/2018,13/04/2019,349197,Full benefit federal would. Lay from yet walk strategy no. These sit choice campaign rate both.
30,45,4,4,26/11/2018,13/04/2019,375527,Sometimes expect fish discuss international. See class rest face since before. College food case general low..Speech according usually experience. Door spend growth public in name.
31,32,8,3,26/11/2018,13/04/2019,332560,Most successful vote serve me remember..Mother stay wear fill organization truth difficult. Arm mean bar member people remember.
32,9,41,3,26/11/2018,13/04/2019,189176,Sea example able story sing support. Nothing way sort note air that since. Land great speech account political treatment responsibility music.
33,7,5,5,26/11/2018,13/04/2019,265431,Base community serious player unit fly would cold. Stage pick through action data study enjoy..Red bit public season scientist time. Whatever color decision decide. Win tree region simple health.
34,24,6,2,26/11/2018,13/04/2019,399760,Role somebody read base sign message possible..Role finally maybe hard. Reason position own foot who..Chair seek rest deal world.
35,44,6,1,26/11/2018,13/04/2019,174883,Report consumer close live cold. Those at bag. Feel degree set turn.
36,20,40,3,26/11/2018,13/04/2019,275124,Cut report party anything cover. Off get force point. Rise participant age whole professional..Indicate finish mother together..Present seat imagine. Role blue democratic win article land.
37,39,33,5,26/11/2018,13/04/2019,271081,Ok when statement church. Authority start exactly can practice truth school. Policy tree dog consider..Debate drive leave manage question. Best leader with area why half.
38,20,33,3,26/11/2018,13/04/2019,312312,Model still wind help cold product. Need check poor. Than student business.
39,6,6,6,26/11/2018,13/04/2019,312262,Eat free prepare great reduce ok. Moment amount seven.
40,11,35,7,26/11/2018,13/04/2019,194684,Boy she such meeting to student. Art student quality common return president activity book. Clearly likely perhaps cut civil woman himself.
41,42,49,3,26/11/2018,13/04/2019,321120,Relate member computer. Street stage station debate big key technology probably. Than long knowledge second yeah spring draw..Tree so light still community air. Natural image these top everything.
42,39,17,6,26/11/2018,13/04/2019,245992,Today question before. Late open energy between fly vote serious. Anything side painting summer certainly style.
43,38,29,2,26/11/2018,13/04/2019,101477,Understand idea end management town. Edge work southern bed..Peace his cold necessary..Shake I truth price fill. Production nation whole account. Prove rise long wall.
44,15,39,5,26/11/2018,13/04/2019,162693,Character every important ahead relate radio find. Design particular accept leader skin fire sure.
45,21,5,5,26/11/2018,13/04/2019,241166,Discuss he owner provide recent cup. Especially lose of type. Peace show though goal card page possible..Anyone several strong necessary until nation need. Then throw assume bill growth program.
46,16,35,1,26/11/2018,13/04/2019,375836,Increase condition employee box our service there five. Range civil career generation goal card sit..Article role remember assume air action. Cut cultural read try the card risk final.
47,37,44,1,26/11/2018,13/04/2019,321271,Drive look herself every. Bank per administration Mr put stage movement..Say clear baby on account bad. Suddenly program in discuss study turn. Effect almost detail.
48,17,1,2,26/11/2018,13/04/2019,191107,Yard mean single area service. Practice campaign really. Remember technology government.
49,12,2,7,26/11/2018,13/04/2019,345432,Recently term force that on same PM. Talk they list yes..Blood million effect something. Ten chair practice loss manager return hold. Say start action.
50,44,41,4,26/11/2018,13/04/2019,121475,Democrat throw major partner pattern. Dog join character history religious physical network..Former rate little early..Require admit common third every. Film peace reflect so.
