Product ID,Campaign ID,Product TypeID,Product StartDate,Product Details,Planned Funds,Actual Cost,Employee ID
1,41,10,16/03/2018,Ground someone late. Something parent artist..Road source player hold teacher heart medical budget. Charge fine tend there. Fire hit enter visit Democrat fight..Sort parent some social growth far.,378818,412256,33
2,1,10,28/09/2017,Agreement exactly stage save today. Gun indicate tough..Run clear society return Democrat operation central avoid. Evidence avoid minute suddenly. Marriage much its police time goal situation.,194497,262632,27
3,6,2,18/09/2019,Will about attack former occur cover. Draw outside cost upon case whole. Rule suffer debate. Tell attorney technology resource want area.,470182,427072,17
4,23,7,16/04/2020,Less strategy here..View hope agency marriage performance father control. Do receive thus control through knowledge city. Anything fight capital break read.,314114,104584,17
5,29,11,16/03/2018,Answer behavior writer also. Start gas three bank. Information white behind everybody.,361268,257305,27
6,30,5,17/08/2017,International film design nice agreement agency early. Assume lawyer effect hundred similar. Clearly interesting article month she difficult.,408975,177169,22
7,43,10,31/07/2018,Crime animal meet power. Recognize feeling current tax look doctor challenge administration. Film especially participant write institution design raise..Middle election son. Discuss bit loss true.,289050,372048,23
8,13,10,30/12/2020,Personal way treatment case away. Cover say Congress hard term. Top must economic building exactly.,168305,408692,49
9,1,7,25/09/2017,Say before blue more least. Model memory usually..Get worker figure receive treat develop determine..Bank near drug building shake here. Really yes middle indeed charge small.,408718,223996,14
10,33,8,26/10/2019,Detail both prepare shake full. Suddenly number quickly question face sometimes..Certain seem business. Image network tax travel yeah full position attack.,452418,277486,2
11,16,6,16/03/2018,Some reason hospital identify. Gas care or question night. Chance enjoy tell key..A care hit trial discuss including agreement. Southern occur property court land goal husband.,449686,130391,37
12,3,2,27/03/2018,Cut power board attorney. Ago hold street trouble..Group lose result realize size. Image grow leg Mrs own.,447852,158015,20
13,38,14,27/12/2019,Summer give out visit. Reality development war attack. Feeling himself top seek sense machine majority.,302311,177464,23
14,45,13,18/01/2018,Begin leg what yourself fill house doctor. Detail apply share director..Teacher reveal participant..Should natural happy oil available test father. Management majority only child.,188338,183881,21
15,5,2,09/01/2019,Thus soon through several. Pressure world might head sister stage actually..Decade second break memory. Fish worry language bill. Describe wear scientist child style enjoy the.,282845,197829,45
16,33,4,29/10/2019,Middle wife computer while event. Article near general tree over drop strong. Step parent would arrive.,199729,196249,34
17,43,5,03/08/2018,Student although much industry response action. Specific must toward response such activity. Better bank phone describe car. City almost often nothing..Break listen city pattern. Save finally model.,474527,152357,29
18,47,2,25/02/2019,Best feeling student Mrs challenge all great agree. Such language statement writer. Rate despite simple task half billion. Single administration tend actually.,317343,447574,3
19,37,10,17/04/2018,Worker sound reveal themselves single power subject. Soldier rest several appear however. Mouth prepare military society particularly campaign two.,414385,312248,40
20,32,5,13/11/2019,Minute machine office model career knowledge. Training thank community language health hospital. Nice executive song.,486491,295658,21
21,1,14,27/08/2017,Mrs ago career lose. Author cold cause improve minute hold..Term same number. Black go play civil position such. Instead ten final church television..At player loss can west physical ten air.,287693,322187,50
22,33,13,26/10/2019,Best reason fact traditional media attorney. Alone single product employee away special red..Unit best natural growth speech yet. Indeed southern less hour off analysis.,271943,124181,19
23,14,5,27/04/2019,Cultural in positive around while skill. Someone mouth machine money debate number west follow.,136605,325572,15
24,28,6,16/07/2019,Race difficult indeed player decision. West great run around low think..Drop store hour yeah pattern weight window over. Pay trade hard eye recently. Begin raise financial media institution cost.,221380,252376,14
25,29,5,13/03/2018,Value receive land say government two each. Various above minute. Someone maintain mention by again.,221614,121606,18
26,31,1,26/04/2018,Player send arm number reduce and kid. Several window call way..Culture less else four lot fast..Heavy exist low some. Figure they spend if another. Affect rich protect quality.,298574,253799,8
27,40,9,02/05/2020,Bed thousand position head reveal beautiful. Color job exist pressure. If it view choose that. Involve nice say there see.,331269,255242,35
28,45,2,19/01/2018,These vote alone choice laugh action. Team majority either by stuff fast whose. Everyone garden area at middle common identify group..Thus without cell. Admit why news discover population response.,299745,458356,26
29,39,6,25/02/2020,Organization professor customer trip. Medical behavior listen sea. Artist environmental discuss site drive. Which movie develop strategy though away today strategy.,134444,328584,36
30,21,6,27/02/2019,Western before help prepare appear camera. Wonder able actually ask serve for benefit..Join response seven garden there Republican similar. Five during industry difference. White weight floor happy.,368894,294479,13
31,16,6,02/03/2018,Responsibility head election. Thus newspaper bed talk one catch..Single set manage. Know so hand heart threat charge nearly. Police benefit on ok continue..Analysis at brother respond heart.,269556,100241,14
32,21,5,21/07/2019,Project pay former official true source. Around hair hospital and..New against cause medical get police. Government both role easy everybody. Improve toward heavy institution visit deal past.,483574,194397,41
33,7,6,07/04/2017,Term sell thus go statement respond whose. Own difference meet upon military. Back away the step natural international.,228812,354030,28
34,9,13,07/04/2018,Bed kitchen appear newspaper during field material. Glass individual ability..Suffer use then chair effort. Nothing compare range crime president black official.,288253,277825,17
35,6,7,01/07/2020,What media together point it. Morning movement service ask interview American. During no own leader choice land..Bring put your..Ten standard performance else. Top explain senior coach.,383044,401065,20
36,3,12,17/03/2018,Free pass with couple second figure. Compare chair TV Mr think six class up. Finish relate evening them standard..Mrs experience improve go run. Represent play century south attorney unit language.,407142,318013,7
37,34,5,05/12/2018,Food act usually environmental focus such none. Hundred account hotel couple run..Soldier recognize medical outside. Long strong yet perhaps cause.,120665,311605,8
38,25,7,22/02/2020,Season mother hit away rest popular. Difference without rich teacher where. Enough accept soldier..Size watch water race security simple level. Dream site true.,444224,453655,40
39,12,13,08/03/2018,Take art hope quite. Recent successful national blood young particular ball. Also event gas seat society pressure talk..Card tend show community safe. Paper series couple ever how animal.,346346,192531,29
40,24,7,04/09/2017,Mean wide join. Number rather mouth. Human detail design together matter candidate game..At son talk room million nor agent. Down agreement such serve share deep shoulder.,279763,183854,19
41,29,4,02/04/2018,Ground final protect sister government management week clearly. Manage according own time. No economic smile bit offer anything..Land beyond final third. Entire article pull office decide person.,146213,404799,16
42,2,8,11/11/2017,Feeling defense role watch throw. Team phone floor thus most hair..She customer admit. Store bill agree player charge citizen yes. Available court yard.,196294,462688,43
43,46,8,30/08/2018,Magazine put draw debate human special dinner. Executive think hope stay. Rich summer summer great always remain.,287550,419132,25
44,41,8,16/10/2018,Sound avoid son success what smile thank wish. Light later responsibility beat because. Democrat month specific impact beyond she draw. Hotel authority dark idea into answer pull.,377480,422559,6
45,45,12,16/01/2018,Start daughter leg industry more set room. According between miss population moment list follow. Example blood be radio wrong..Clearly between Mrs individual enough. Set owner enter while.,267742,369560,40
46,24,3,30/05/2017,Off though rock money modern its. Turn place story response.,228920,419736,32
47,44,1,04/05/2018,Total fine add concern player. Trade bag stand now half. Meeting present protect..Place although moment office available. Coach ready hair really.,334234,146016,39
48,30,12,21/03/2017,Stock simply anything source space. Find value lay view strategy. View apply live..Information rock road memory. Catch simple training small culture..Night rate agency section sure cut quickly.,372021,496151,36
49,41,11,06/10/2018,Remember house sing try ahead. Place industry red imagine top look..Whether involve choose help behavior discover fight. Old model statement stage.,428530,187724,8
50,27,4,30/12/2020,Middle sport democratic. Land save five study article suggest..Tv box section care. Bring player until cup. Lawyer sister since little these.,270419,471176,13
51,14,12,01/02/2019,Summer police quality owner. Sell positive majority movie plan onto. Often size outside similar..Money thank energy assume any. Night talk father range represent can.,456985,292583,4
52,12,11,15/03/2018,Room surface daughter population represent until. Interesting simple fight bring.,126527,492935,12
53,14,1,28/12/2018,Will guy price sort four buy member pretty. Challenge report current sit choose..Order son agent similar maybe. Cell win lose rule. Discuss somebody almost effect.,366632,240110,5
54,20,3,16/03/2018,Magazine although pull see. Record value stop we difference once fast..Goal also land. Everything traditional home same bar. Probably color executive keep spend clear.,182648,163029,45
55,28,13,05/07/2019,Interest try age future will..Some employee whom above doctor particularly. Art bad several attention general turn my. Tend grow federal senior this eye.,227542,355339,39
56,28,8,14/07/2019,Whatever effect fear affect fear long. Black professional about blood..Surface out close treat. Generation mouth senior commercial bag response. World future up brother identify world.,485950,494371,25
57,32,12,09/02/2020,On discover perform. Body stand out act five. Exactly call mean course treatment news..Stage it PM career final institution. Magazine management party when. Require speech prove put.,390932,290206,9
58,35,3,12/05/2018,Tend since study including movement himself within. Together artist law science price thus politics.,357843,493317,13
59,49,8,15/10/2017,Seek member need son spring gas prepare international. College chair scene. Though truth name out..Adult ok according almost them lead above.,106889,394828,38
60,5,4,02/02/2019,Month ability then people view establish lot. Parent until environment picture drive. Common security identify speech..Plant age process bring. Range glass my instead piece forget brother edge.,242866,386151,49
61,26,13,13/07/2018,Ball cultural section team. Realize remain since this protect exactly contain. Firm environmental look them piece.,429551,136013,35
62,37,6,24/05/2018,Rule little relate teach camera. Important down clear usually speak eight executive movie.,331733,250978,43
63,23,8,22/04/2020,Size surface six contain. Painting apply born result physical natural..Team police within country. Population sister discuss soon song film. Everyone detail side.,476732,410456,27
64,40,14,01/05/2020,Year consumer mention true production..Born society professor pick. Feel anything laugh west project current experience drug.,307467,418309,18
65,2,9,11/11/2017,Score imagine country police. Person administration million material mind and..Author why big build north few. Tell decade cause side thank.,255050,211166,50
66,7,7,06/05/2017,Art nation side wrong trip training professor. Pass more most condition bring by page..Kind soldier grow detail. South hear do record PM almost. Require soldier industry series employee quite result.,478609,264906,49
67,42,3,25/09/2019,Catch candidate young speak worry what yard. Their current mean huge..Girl industry although increase make as eight. Home each human seem worry. Free half democratic ok rather.,130045,269679,21
68,31,8,17/04/2018,Girl draw build. Join simply thought system need or. Relate baby world bar difficult identify among fill..Simple happen move leg next almost type. Exactly it beat all perform tree.,165349,461512,23
69,31,7,06/04/2018,Seat but thought doctor mother build play..Stand ago opportunity interview. Head film situation prove sport watch single. Ability quite effort effort society herself focus.,185290,305877,24
70,2,1,05/11/2017,Picture official ground religious choose. Drive stand language every prove..Stuff describe say dog magazine. Enter really wish young loss power. Image true cultural west attention age.,262769,427523,37
71,29,12,06/04/2018,Movement first huge thus. Production value college..Experience front race. Show past condition too coach morning. Budget really career local sense. West kid thousand through health school.,135205,139190,45
72,47,12,14/03/2019,Stage mouth ready computer song woman practice. Among very Mr shake..Whom avoid hour news thus different century..Dinner oil see building involve top..Matter gun easy impact whether reveal college.,122989,387028,24
73,38,1,12/02/2020,Marriage occur one enjoy way bank special. Fish energy raise dark long. Read eye thought street just back despite..Rule seat drop base matter bring challenge. Theory teach too inside.,301695,478396,44
74,49,14,24/10/2017,Over middle walk behind movement line. Factor nature game what focus red position project..Time in interest method summer be full. Decision on speak fast senior because study popular.,283711,133845,20
75,35,8,11/05/2018,Common always adult another. Head follow dark degree stand authority suddenly.,283024,365849,32
76,22,12,08/09/2018,Identify remember structure. Interesting guess money end section. Before above view increase conference either top..Less south place imagine whether bit throw..In issue there.,332485,471572,21
77,24,2,07/08/2017,Material fire finish land. Require property nor. Learn body wear daughter but..Smile sing left among television although. Hit every finish argue public..Hold magazine meet authority market.,263620,113298,20
78,7,13,07/02/2017,News each maintain above question behavior mother. Stay employee series choose debate police attention.,467866,438733,37
79,46,5,18/08/2018,Operation or together trial save watch investment. Discover moment rock nature. Each most production around girl herself.,426791,221205,49
80,5,9,06/02/2019,Knowledge sense look whom forward up cut drive. Past guess leave again..Reveal listen sense attention term. Reduce suggest price anyone.,351408,495950,5
81,47,7,30/03/2019,Knowledge little stuff practice main office. Determine almost act since body..Husband box nature by suddenly. Pull court cup hit compare job.,130337,109728,32
82,15,13,12/01/2019,Then as public occur amount north half free..Pretty traditional shoulder from major section board.,171089,218668,28
83,31,13,28/04/2018,Season human professor light lose total television. Class even single program quality middle..Pick out site firm. Explain cut race behavior available can.,124862,283887,1
84,19,1,08/09/2018,Ever school explain later paper good one. Mrs any all which. Current guess book energy..Campaign answer movement manage color just. Partner stay pay expect child.,204522,344336,47
85,6,12,15/06/2020,Thing past statement no indicate. Section deep nature class..Whose throughout six industry computer while friend but. Pressure team notice our.,281620,103108,43
86,44,13,05/05/2018,Happy party example serious scene college. Though computer laugh million true dog save..Appear firm without store common page the. It figure hair explain international since.,236877,218805,10
87,20,3,05/03/2018,Grow field sport. Return society successful action..Finally chair but financial. Rule my me. Word through red..Respond current stock reality issue. Detail appear quickly best coach office tree.,159927,279428,2
88,21,14,28/02/2019,Democratic continue condition society none score hair. Democrat help mission arrive us. Friend up theory answer current field sometimes.,330836,309466,30
89,9,7,25/05/2018,Tree weight best on if task out thank. Sure across degree customer should..Father follow customer. Would view star hundred address big. Walk if hard large.,239791,345514,25
90,21,11,27/02/2019,Large serve final benefit go. Amount down all political authority lose. Beautiful senior Mrs certainly join fear.,179209,103796,24
91,30,6,23/03/2017,Dream whole manage. Peace major under check..Share gas necessary special. Parent price research professional drive..System relate general education across remain. Art carry value against animal.,171558,427492,25
92,19,4,10/09/2018,Sport such born particularly up hospital. Should table single again many. Guess too campaign watch. Bar bring sort vote close.,402673,287961,18
93,38,3,08/03/2020,Behavior then dream head. Upon group age enough kind detail officer raise. Itself artist human region PM let face.,356372,104402,41
94,34,8,25/02/2019,Everyone capital energy ten field space some. Discuss course kind member former outside. Interest oil production notice simple bit enough.,405196,200363,44
95,30,6,05/05/2017,Chance soldier station degree brother offer though. Appear particular represent few. Help little charge face night participant industry same.,345528,207465,8
96,20,1,01/03/2018,Present life him writer..Town stuff fight create onto box. As why development bar eat..Market similar process. Quality pick agent reveal.,271983,326402,12
97,26,11,14/06/2018,Mrs from market sister chance sort. Professional do early crime charge ask.,204519,304229,8
98,37,4,11/05/2018,His answer military pay..Election car buy. Color process entire yourself run technology sure.,208556,155968,47
99,19,1,03/11/2018,Determine move hold summer stop human. Black fast well experience ever determine purpose..Him cultural movie forward. Throw carry view hotel.,470263,298403,43
100,5,14,11/12/2018,Look fly still trial camera. Onto expect energy key this nice model..Pick time never process draw. Even interesting of whose contain factor.,178405,109054,26
